{"directed": false, "multigraph": true, "graph": {}, "nodes": [{"id": "Regulus_Arcturus_Black", "name": "Regulus Arcturus Black", "group": "0"}, {"id": "Sirius_Black", "name": "Sirius Black", "group": "0"}, {"id": "Lavender_Brown", "name": "Lavender Brown", "group": "0"}, {"id": "Cho_Chang", "name": "Cho Chang", "group": "0"}, {"id": "Vincent_Crabbe_Sr.", "name": "Vincent Crabbe Sr.", "group": "0"}, {"id": "Vincent_Crabbe", "name": "Vincent Crabbe", "group": "0"}, {"id": "Bartemius_\"Barty\"_Crouch_Sr.", "name": "Bartemius \"Barty\" Crouch Sr.", "group": "0"}, {"id": "Bartemius_\"Barty\"_Crouch_Jr.", "name": "Bartemius \"Barty\" Crouch Jr.", "group": "0"}, {"id": "Fleur_Delacour", "name": "Fleur Delacour", "group": "0"}, {"id": "Cedric_Diggory", "name": "Cedric Diggory", "group": "0"}, {"id": "Alberforth_Dumbledore", "name": "Alberforth Dumbledore", "group": "0"}, {"id": "Albus_Dumbledore", "name": "Albus Dumbledore", "group": "0"}, {"id": "Dudley_Dursley", "name": "Dudley Dursley", "group": "0"}, {"id": "Petunia_Dursley", "name": "Petunia Dursley", "group": "0"}, {"id": "Vernon_Dursley", "name": "Vernon Dursley", "group": "0"}, {"id": "Argus_Filch", "name": "Argus Filch", "group": "0"}, {"id": "Seamus_Finnigan", "name": "Seamus Finnigan", "group": "0"}, {"id": "Nicolas_Flamel", "name": "Nicolas Flamel", "group": "0"}, {"id": "Cornelius_Fudge", "name": "Cornelius Fudge", "group": "0"}, {"id": "Goyle_Sr.", "name": "Goyle Sr.", "group": "0"}, {"id": "Gregory_Goyle", "name": "Gregory Goyle", "group": "0"}, {"id": "Hermione_Granger", "name": "Hermione Granger", "group": "0"}, {"id": "Rubeus_Hagrid", "name": "Rubeus Hagrid", "group": "0"}, {"id": "Igor_Karkaroff", "name": "Igor Karkaroff", "group": "0"}, {"id": "Viktor_Krum", "name": "Viktor Krum", "group": "0"}, {"id": "Bellatrix_Lestrange", "name": "Bellatrix Lestrange", "group": "0"}, {"id": "Alice_Longbottom", "name": "Alice Longbottom", "group": "0"}, {"id": "Frank_Longbottom", "name": "Frank Longbottom", "group": "0"}, {"id": "Neville_Longbottom", "name": "Neville Longbottom", "group": "0"}, {"id": "Luna_Lovegood", "name": "Luna Lovegood", "group": "0"}, {"id": "Xenophilius_Lovegood", "name": "Xenophilius Lovegood", "group": "0"}, {"id": "Remus_Lupin", "name": "Remus Lupin", "group": "0"}, {"id": "Draco_Malfoy", "name": "Draco Malfoy", "group": "0"}, {"id": "Lucius_Malfoy", "name": "Lucius Malfoy", "group": "0"}, {"id": "Narcissa_Malfoy", "name": "Narcissa Malfoy", "group": "0"}, {"id": "Olympe_Maxime", "name": "Olympe Maxime", "group": "0"}, {"id": "Minerva_McGonagall", "name": "Minerva McGonagall", "group": "0"}, {"id": "Alastor_\"Mad-Eye\"_Moody", "name": "Alastor \"Mad-Eye\" Moody", "group": "0"}, {"id": "Peter_Pettigrew", "name": "Peter Pettigrew", "group": "0"}, {"id": "Harry_Potter", "name": "Harry Potter", "group": "0"}, {"id": "James_Potter", "name": "James Potter", "group": "0"}, {"id": "Lily_Potter", "name": "Lily Potter", "group": "0"}, {"id": "Quirinus_Quirrell", "name": "Quirinus Quirrell", "group": "0"}, {"id": "Tom_Riddle_Sr.", "name": "Tom Riddle Sr.", "group": "0"}, {"id": "Mary_Riddle", "name": "Mary Riddle", "group": "0"}, {"id": "Lord_Voldemort", "name": "Lord Voldemort", "group": "0"}, {"id": "Rita_Skeeter", "name": "Rita Skeeter", "group": "0"}, {"id": "Severus_Snape", "name": "Severus Snape", "group": "0"}, {"id": "Nymphadora_Tonks", "name": "Nymphadora Tonks", "group": "0"}, {"id": "Dolores_Janes_Umbridge", "name": "Dolores Janes Umbridge", "group": "0"}, {"id": "Arthur_Weasley", "name": "Arthur Weasley", "group": "0"}, {"id": "Bill_Weasley", "name": "Bill Weasley", "group": "0"}, {"id": "Charlie_Weasley", "name": "Charlie Weasley", "group": "0"}, {"id": "Fred_Weasley", "name": "Fred Weasley", "group": "0"}, {"id": "George_Weasley", "name": "George Weasley", "group": "0"}, {"id": "Ginny_Weasley", "name": "Ginny Weasley", "group": "0"}, {"id": "Molly_Weasley", "name": "Molly Weasley", "group": "0"}, {"id": "Percy_Weasley", "name": "Percy Weasley", "group": "0"}, {"id": "Ron_Weasley", "name": "Ron Weasley", "group": "0"}, {"id": "Dobby", "name": "Dobby", "group": "0"}, {"id": "Fluffy", "name": "Fluffy", "group": "0"}, {"id": "Hedwig", "name": "Hedwig", "group": "0"}, {"id": "Moaning_Myrtle", "name": "Moaning Myrtle", "group": "0"}, {"id": "Aragog", "name": "Aragog", "group": "0"}, {"id": "Grawp", "name": "Grawp", "group": "0"}], "links": [{"source": "Ron_Weasley", "target": "Dolores_Janes_Umbridge"}, {"source": "Ginny_Weasley", "target": "Fred_Weasley"}, {"source": "Dudley_Dursley", "target": "Rubeus_Hagrid"}, {"source": "Bill_Weasley", "target": "Fleur_Delacour"}, {"source": "Vincent_Crabbe_Sr.", "target": "Severus_Snape"}, {"source": "Ron_Weasley", "target": "Peter_Pettigrew"}, {"source": "Narcissa_Malfoy", "target": "Lord_Voldemort"}, {"source": "Severus_Snape", "target": "Ron_Weasley"}, {"source": "Lucius_Malfoy", "target": "Lord_Voldemort"}, {"source": "Sirius_Black", "target": "Albus_Dumbledore"}, {"source": "Alastor_\"Mad-Eye\"_Moody", "target": "Sirius_Black"}, {"source": "Bartemius_\"Barty\"_Crouch_Jr.", "target": "Neville_Longbottom"}, {"source": "Severus_Snape", "target": "Fred_Weasley"}, {"source": "Regulus_Arcturus_Black", "target": "Bellatrix_Lestrange"}, {"source": "Ginny_Weasley", "target": "George_Weasley"}, {"source": "Bellatrix_Lestrange", "target": "Harry_Potter"}, {"source": "Bill_Weasley", "target": "Arthur_Weasley"}, {"source": "Hermione_Granger", "target": "Alastor_\"Mad-Eye\"_Moody"}, {"source": "Lily_Potter", "target": "Albus_Dumbledore"}, {"source": "Sirius_Black", "target": "James_Potter"}, {"source": "Charlie_Weasley", "target": "Ron_Weasley"}, {"source": "Lord_Voldemort", "target": "Regulus_Arcturus_Black"}, {"source": "Arthur_Weasley", "target": "Ron_Weasley"}, {"source": "Neville_Longbottom", "target": "Lavender_Brown"}, {"source": "Viktor_Krum", "target": "Fleur_Delacour"}, {"source": "Lucius_Malfoy", "target": "Cornelius_Fudge"}, {"source": "Albus_Dumbledore", "target": "Rita_Skeeter"}, {"source": "Peter_Pettigrew", "target": "Sirius_Black"}, {"source": "Lucius_Malfoy", "target": "Harry_Potter"}, {"source": "Hermione_Granger", "target": "Rubeus_Hagrid"}, {"source": "Ron_Weasley", "target": "Molly_Weasley"}, {"source": "Luna_Lovegood", "target": "Neville_Longbottom"}, {"source": "Ron_Weasley", "target": "Neville_Longbottom"}, {"source": "Lord_Voldemort", "target": "Tom_Riddle_Sr."}, {"source": "Vincent_Crabbe", "target": "Hermione_Granger"}, {"source": "Neville_Longbottom", "target": "Draco_Malfoy"}, {"source": "Fred_Weasley", "target": "Sirius_Black"}, {"source": "Lily_Potter", "target": "Petunia_Dursley"}, {"source": "Cornelius_Fudge", "target": "Harry_Potter"}, {"source": "Draco_Malfoy", "target": "Narcissa_Malfoy"}, {"source": "Harry_Potter", "target": "Bartemius_\"Barty\"_Crouch_Jr."}, {"source": "Narcissa_Malfoy", "target": "Bellatrix_Lestrange"}, {"source": "Frank_Longbottom", "target": "Neville_Longbottom"}, {"source": "Quirinus_Quirrell", "target": "Albus_Dumbledore"}, {"source": "Aragog", "target": "Harry_Potter"}, {"source": "Fleur_Delacour", "target": "Hermione_Granger"}, {"source": "George_Weasley", "target": "Peter_Pettigrew"}, {"source": "Aragog", "target": "Ron_Weasley"}, {"source": "Harry_Potter", "target": "Ron_Weasley"}, {"source": "Harry_Potter", "target": "James_Potter"}, {"source": "Charlie_Weasley", "target": "Bill_Weasley"}, {"source": "Bill_Weasley", "target": "Albus_Dumbledore"}, {"source": "Hermione_Granger", "target": "Seamus_Finnigan"}, {"source": "Cho_Chang", "target": "Seamus_Finnigan"}, {"source": "Lord_Voldemort", "target": "James_Potter"}, {"source": "Seamus_Finnigan", "target": "Neville_Longbottom"}, {"source": "Ron_Weasley", "target": "Lavender_Brown"}, {"source": "Albus_Dumbledore", "target": "Ron_Weasley"}, {"source": "Ron_Weasley", "target": "Bellatrix_Lestrange"}, {"source": "Lord_Voldemort", "target": "Alastor_\"Mad-Eye\"_Moody"}, {"source": "Fred_Weasley", "target": "Molly_Weasley"}, {"source": "Hermione_Granger", "target": "Ron_Weasley"}, {"source": "Harry_Potter", "target": "Severus_Snape"}, {"source": "Cho_Chang", "target": "Ron_Weasley"}, {"source": "George_Weasley", "target": "Molly_Weasley"}, {"source": "Albus_Dumbledore", "target": "Fred_Weasley"}, {"source": "Ron_Weasley", "target": "George_Weasley"}, {"source": "Peter_Pettigrew", "target": "Albus_Dumbledore"}, {"source": "Grawp", "target": "Harry_Potter"}, {"source": "Hermione_Granger", "target": "Luna_Lovegood"}, {"source": "Argus_Filch", "target": "Sirius_Black"}, {"source": "Draco_Malfoy", "target": "Gregory_Goyle"}, {"source": "Ron_Weasley", "target": "Lucius_Malfoy"}, {"source": "Molly_Weasley", "target": "Hermione_Granger"}, {"source": "Dolores_Janes_Umbridge", "target": "Argus_Filch"}, {"source": "Vincent_Crabbe_Sr.", "target": "Bellatrix_Lestrange"}, {"source": "Lucius_Malfoy", "target": "Dobby"}, {"source": "Sirius_Black", "target": "Lord_Voldemort"}, {"source": "Dobby", "target": "Ron_Weasley"}, {"source": "Goyle_Sr.", "target": "Lord_Voldemort"}, {"source": "Percy_Weasley", "target": "Bill_Weasley"}, {"source": "Alastor_\"Mad-Eye\"_Moody", "target": "Ron_Weasley"}, {"source": "Arthur_Weasley", "target": "Ginny_Weasley"}, {"source": "Bill_Weasley", "target": "George_Weasley"}, {"source": "Neville_Longbottom", "target": "Alice_Longbottom"}, {"source": "Sirius_Black", "target": "George_Weasley"}, {"source": "Harry_Potter", "target": "Ginny_Weasley"}, {"source": "Bellatrix_Lestrange", "target": "Nymphadora_Tonks"}, {"source": "Harry_Potter", "target": "Vernon_Dursley"}, {"source": "Albus_Dumbledore", "target": "Bellatrix_Lestrange"}, {"source": "Cedric_Diggory", "target": "Cho_Chang"}, {"source": "Harry_Potter", "target": "Viktor_Krum"}, {"source": "Luna_Lovegood", "target": "Harry_Potter"}, {"source": "Hermione_Granger", "target": "Lord_Voldemort"}, {"source": "Ron_Weasley", "target": "Rubeus_Hagrid"}, {"source": "Minerva_McGonagall", "target": "Harry_Potter"}, {"source": "Lord_Voldemort", "target": "Peter_Pettigrew"}, {"source": "Sirius_Black", "target": "Hermione_Granger"}, {"source": "Remus_Lupin", "target": "Ginny_Weasley"}, {"source": "Ron_Weasley", "target": "Fred_Weasley"}, {"source": "Remus_Lupin", "target": "Albus_Dumbledore"}, {"source": "Albus_Dumbledore", "target": "Petunia_Dursley"}, {"source": "Molly_Weasley", "target": "Sirius_Black"}, {"source": "Fred_Weasley", "target": "Argus_Filch"}, {"source": "Bellatrix_Lestrange", "target": "Dobby"}, {"source": "Severus_Snape", "target": "Sirius_Black"}, {"source": "Fleur_Delacour", "target": "Neville_Longbottom"}, {"source": "Severus_Snape", "target": "Argus_Filch"}, {"source": "Fred_Weasley", "target": "George_Weasley"}, {"source": "Tom_Riddle_Sr.", "target": "Mary_Riddle"}, {"source": "Dolores_Janes_Umbridge", "target": "Cornelius_Fudge"}, {"source": "Lily_Potter", "target": "Lord_Voldemort"}, {"source": "Remus_Lupin", "target": "Fred_Weasley"}, {"source": "Petunia_Dursley", "target": "Harry_Potter"}, {"source": "Albus_Dumbledore", "target": "Severus_Snape"}, {"source": "Sirius_Black", "target": "Minerva_McGonagall"}, {"source": "Frank_Longbottom", "target": "Alice_Longbottom"}, {"source": "Gregory_Goyle", "target": "Hermione_Granger"}, {"source": "Minerva_McGonagall", "target": "Argus_Filch"}, {"source": "Goyle_Sr.", "target": "Vincent_Crabbe_Sr."}, {"source": "Hermione_Granger", "target": "Minerva_McGonagall"}, {"source": "Neville_Longbottom", "target": "Hermione_Granger"}, {"source": "Rubeus_Hagrid", "target": "Grawp"}, {"source": "Petunia_Dursley", "target": "Dudley_Dursley"}, {"source": "Harry_Potter", "target": "Neville_Longbottom"}, {"source": "Alberforth_Dumbledore", "target": "Albus_Dumbledore"}, {"source": "Alastor_\"Mad-Eye\"_Moody", "target": "Bartemius_\"Barty\"_Crouch_Jr."}, {"source": "Dolores_Janes_Umbridge", "target": "Harry_Potter"}, {"source": "Hermione_Granger", "target": "Fluffy"}, {"source": "Hermione_Granger", "target": "Bill_Weasley"}, {"source": "Hermione_Granger", "target": "Dolores_Janes_Umbridge"}, {"source": "Arthur_Weasley", "target": "Hermione_Granger"}, {"source": "Harry_Potter", "target": "Charlie_Weasley"}, {"source": "Lord_Voldemort", "target": "Molly_Weasley"}, {"source": "Lucius_Malfoy", "target": "Vincent_Crabbe_Sr."}, {"source": "Percy_Weasley", "target": "Arthur_Weasley"}, {"source": "Rubeus_Hagrid", "target": "Albus_Dumbledore"}, {"source": "Olympe_Maxime", "target": "Rubeus_Hagrid"}, {"source": "Fred_Weasley", "target": "Peter_Pettigrew"}, {"source": "Ron_Weasley", "target": "Grawp"}, {"source": "Bill_Weasley", "target": "Molly_Weasley"}, {"source": "Peter_Pettigrew", "target": "Vincent_Crabbe_Sr."}, {"source": "Peter_Pettigrew", "target": "Hermione_Granger"}, {"source": "Fluffy", "target": "Rubeus_Hagrid"}, {"source": "Ron_Weasley", "target": "Sirius_Black"}, {"source": "Harry_Potter", "target": "Draco_Malfoy"}, {"source": "Molly_Weasley", "target": "Lucius_Malfoy"}, {"source": "Sirius_Black", "target": "Ginny_Weasley"}, {"source": "Bartemius_\"Barty\"_Crouch_Jr.", "target": "Lord_Voldemort"}, {"source": "Vincent_Crabbe", "target": "Dolores_Janes_Umbridge"}, {"source": "Albus_Dumbledore", "target": "Molly_Weasley"}, {"source": "Goyle_Sr.", "target": "Gregory_Goyle"}, {"source": "Dobby", "target": "Alberforth_Dumbledore"}, {"source": "Lord_Voldemort", "target": "Nymphadora_Tonks"}, {"source": "Lucius_Malfoy", "target": "Arthur_Weasley"}, {"source": "Molly_Weasley", "target": "Alastor_\"Mad-Eye\"_Moody"}, {"source": "Seamus_Finnigan", "target": "Ron_Weasley"}, {"source": "Harry_Potter", "target": "Dudley_Dursley"}, {"source": "Fred_Weasley", "target": "Harry_Potter"}, {"source": "George_Weasley", "target": "Albus_Dumbledore"}, {"source": "Albus_Dumbledore", "target": "Ginny_Weasley"}, {"source": "Hermione_Granger", "target": "Aragog"}, {"source": "Argus_Filch", "target": "Hermione_Granger"}, {"source": "Lord_Voldemort", "target": "Bellatrix_Lestrange"}, {"source": "George_Weasley", "target": "Hermione_Granger"}, {"source": "Cho_Chang", "target": "Lord_Voldemort"}, {"source": "Ron_Weasley", "target": "Gregory_Goyle"}, {"source": "Ginny_Weasley", "target": "Severus_Snape"}, {"source": "Charlie_Weasley", "target": "Ginny_Weasley"}, {"source": "Ron_Weasley", "target": "Alberforth_Dumbledore"}, {"source": "Remus_Lupin", "target": "Ron_Weasley"}, {"source": "Molly_Weasley", "target": "Ginny_Weasley"}, {"source": "Sirius_Black", "target": "Lucius_Malfoy"}, {"source": "Arthur_Weasley", "target": "Sirius_Black"}, {"source": "Bellatrix_Lestrange", "target": "Lucius_Malfoy"}, {"source": "Luna_Lovegood", "target": "Seamus_Finnigan"}, {"source": "Hermione_Granger", "target": "Viktor_Krum"}, {"source": "Albus_Dumbledore", "target": "Argus_Filch"}, {"source": "James_Potter", "target": "Peter_Pettigrew"}, {"source": "Severus_Snape", "target": "Hermione_Granger"}, {"source": "Lord_Voldemort", "target": "Rubeus_Hagrid"}, {"source": "Rubeus_Hagrid", "target": "Aragog"}, {"source": "Ron_Weasley", "target": "Luna_Lovegood"}, {"source": "Minerva_McGonagall", "target": "Rubeus_Hagrid"}, {"source": "Fred_Weasley", "target": "Charlie_Weasley"}, {"source": "Rubeus_Hagrid", "target": "Severus_Snape"}, {"source": "Bill_Weasley", "target": "Harry_Potter"}, {"source": "Lord_Voldemort", "target": "Mary_Riddle"}, {"source": "George_Weasley", "target": "Charlie_Weasley"}, {"source": "Ginny_Weasley", "target": "Percy_Weasley"}, {"source": "Regulus_Arcturus_Black", "target": "Vincent_Crabbe_Sr."}, {"source": "Vincent_Crabbe", "target": "Gregory_Goyle"}, {"source": "Vernon_Dursley", "target": "Petunia_Dursley"}, {"source": "Albus_Dumbledore", "target": "Harry_Potter"}, {"source": "Lucius_Malfoy", "target": "Narcissa_Malfoy"}, {"source": "Arthur_Weasley", "target": "Molly_Weasley"}, {"source": "James_Potter", "target": "Remus_Lupin"}, {"source": "Bill_Weasley", "target": "Fred_Weasley"}, {"source": "Bartemius_\"Barty\"_Crouch_Jr.", "target": "Minerva_McGonagall"}, {"source": "Severus_Snape", "target": "Bartemius_\"Barty\"_Crouch_Jr."}, {"source": "Lily_Potter", "target": "Severus_Snape"}, {"source": "Lord_Voldemort", "target": "Remus_Lupin"}, {"source": "Dolores_Janes_Umbridge", "target": "Albus_Dumbledore"}, {"source": "Seamus_Finnigan", "target": "Harry_Potter"}, {"source": "Argus_Filch", "target": "George_Weasley"}, {"source": "Harry_Potter", "target": "Arthur_Weasley"}, {"source": "George_Weasley", "target": "Lord_Voldemort"}, {"source": "Arthur_Weasley", "target": "Cornelius_Fudge"}, {"source": "James_Potter", "target": "Albus_Dumbledore"}, {"source": "Ginny_Weasley", "target": "Fleur_Delacour"}, {"source": "Harry_Potter", "target": "Sirius_Black"}, {"source": "Fleur_Delacour", "target": "Ron_Weasley"}, {"source": "Draco_Malfoy", "target": "Lucius_Malfoy"}, {"source": "Alastor_\"Mad-Eye\"_Moody", "target": "Fleur_Delacour"}, {"source": "Lord_Voldemort", "target": "Albus_Dumbledore"}, {"source": "Rubeus_Hagrid", "target": "Harry_Potter"}, {"source": "Rubeus_Hagrid", "target": "Neville_Longbottom"}, {"source": "Harry_Potter", "target": "Hermione_Granger"}, {"source": "Cedric_Diggory", "target": "Lord_Voldemort"}, {"source": "Alastor_\"Mad-Eye\"_Moody", "target": "Harry_Potter"}, {"source": "Charlie_Weasley", "target": "Molly_Weasley"}, {"source": "Ron_Weasley", "target": "Lord_Voldemort"}, {"source": "Fluffy", "target": "Harry_Potter"}, {"source": "Gregory_Goyle", "target": "Lord_Voldemort"}, {"source": "Sirius_Black", "target": "Nymphadora_Tonks"}, {"source": "Charlie_Weasley", "target": "Arthur_Weasley"}, {"source": "Harry_Potter", "target": "Alberforth_Dumbledore"}, {"source": "Albus_Dumbledore", "target": "Hermione_Granger"}, {"source": "Bellatrix_Lestrange", "target": "Sirius_Black"}, {"source": "Viktor_Krum", "target": "Cedric_Diggory"}, {"source": "Lord_Voldemort", "target": "Frank_Longbottom"}, {"source": "Hermione_Granger", "target": "Bartemius_\"Barty\"_Crouch_Jr."}, {"source": "Lord_Voldemort", "target": "Minerva_McGonagall"}, {"source": "Nymphadora_Tonks", "target": "Remus_Lupin"}, {"source": "Argus_Filch", "target": "Ron_Weasley"}, {"source": "Harry_Potter", "target": "Rita_Skeeter"}, {"source": "Ginny_Weasley", "target": "Lord_Voldemort"}, {"source": "Charlie_Weasley", "target": "Percy_Weasley"}, {"source": "Hermione_Granger", "target": "Alberforth_Dumbledore"}, {"source": "Lily_Potter", "target": "James_Potter"}, {"source": "Ginny_Weasley", "target": "Ron_Weasley"}, {"source": "Dudley_Dursley", "target": "Vernon_Dursley"}, {"source": "Molly_Weasley", "target": "Percy_Weasley"}, {"source": "Ron_Weasley", "target": "Percy_Weasley"}, {"source": "Sirius_Black", "target": "Remus_Lupin"}, {"source": "Alastor_\"Mad-Eye\"_Moody", "target": "Arthur_Weasley"}, {"source": "Vincent_Crabbe", "target": "Harry_Potter"}, {"source": "Seamus_Finnigan", "target": "Lavender_Brown"}, {"source": "Argus_Filch", "target": "Peter_Pettigrew"}, {"source": "Percy_Weasley", "target": "Albus_Dumbledore"}, {"source": "Lily_Potter", "target": "Sirius_Black"}, {"source": "Ron_Weasley", "target": "Draco_Malfoy"}, {"source": "Cho_Chang", "target": "Neville_Longbottom"}, {"source": "Dobby", "target": "Hermione_Granger"}, {"source": "Lord_Voldemort", "target": "Harry_Potter"}, {"source": "Fred_Weasley", "target": "Arthur_Weasley"}, {"source": "Cornelius_Fudge", "target": "Percy_Weasley"}, {"source": "Hermione_Granger", "target": "Charlie_Weasley"}, {"source": "Cedric_Diggory", "target": "Harry_Potter"}, {"source": "Albus_Dumbledore", "target": "Alastor_\"Mad-Eye\"_Moody"}, {"source": "Lord_Voldemort", "target": "Quirinus_Quirrell"}, {"source": "Fred_Weasley", "target": "Lord_Voldemort"}, {"source": "Bill_Weasley", "target": "Ron_Weasley"}, {"source": "Hermione_Granger", "target": "Cho_Chang"}, {"source": "Minerva_McGonagall", "target": "Ron_Weasley"}, {"source": "Percy_Weasley", "target": "Fred_Weasley"}, {"source": "Vincent_Crabbe", "target": "Draco_Malfoy"}, {"source": "Remus_Lupin", "target": "George_Weasley"}, {"source": "Vernon_Dursley", "target": "Albus_Dumbledore"}, {"source": "Grawp", "target": "Hermione_Granger"}, {"source": "Arthur_Weasley", "target": "George_Weasley"}, {"source": "Narcissa_Malfoy", "target": "Sirius_Black"}, {"source": "Minerva_McGonagall", "target": "Albus_Dumbledore"}, {"source": "Bill_Weasley", "target": "Ginny_Weasley"}, {"source": "Bartemius_\"Barty\"_Crouch_Jr.", "target": "Peter_Pettigrew"}, {"source": "Hermione_Granger", "target": "Draco_Malfoy"}, {"source": "Peter_Pettigrew", "target": "Harry_Potter"}, {"source": "James_Potter", "target": "Argus_Filch"}, {"source": "Minerva_McGonagall", "target": "Remus_Lupin"}, {"source": "Harry_Potter", "target": "Remus_Lupin"}, {"source": "Bill_Weasley", "target": "Lord_Voldemort"}, {"source": "Vincent_Crabbe", "target": "Ron_Weasley"}, {"source": "Dobby", "target": "Harry_Potter"}, {"source": "Bellatrix_Lestrange", "target": "Molly_Weasley"}, {"source": "Remus_Lupin", "target": "Peter_Pettigrew"}, {"source": "Hermione_Granger", "target": "Ginny_Weasley"}, {"source": "Hermione_Granger", "target": "Fred_Weasley"}, {"source": "Harry_Potter", "target": "Molly_Weasley"}, {"source": "George_Weasley", "target": "Severus_Snape"}, {"source": "Peter_Pettigrew", "target": "Ginny_Weasley"}, {"source": "Severus_Snape", "target": "Lord_Voldemort"}, {"source": "Lord_Voldemort", "target": "Charlie_Weasley"}, {"source": "Seamus_Finnigan", "target": "Ginny_Weasley"}, {"source": "Harry_Potter", "target": "Argus_Filch"}, {"source": "Percy_Weasley", "target": "George_Weasley"}, {"source": "Rubeus_Hagrid", "target": "Argus_Filch"}, {"source": "Fleur_Delacour", "target": "Molly_Weasley"}, {"source": "Ron_Weasley", "target": "Fluffy"}, {"source": "Cho_Chang", "target": "Harry_Potter"}, {"source": "Lily_Potter", "target": "Peter_Pettigrew"}, {"source": "Cornelius_Fudge", "target": "Albus_Dumbledore"}, {"source": "Harry_Potter", "target": "Lily_Potter"}, {"source": "Olympe_Maxime", "target": "Albus_Dumbledore"}, {"source": "Vincent_Crabbe_Sr.", "target": "Lord_Voldemort"}, {"source": "Gregory_Goyle", "target": "Harry_Potter"}, {"source": "Regulus_Arcturus_Black", "target": "Sirius_Black"}, {"source": "Lord_Voldemort", "target": "Neville_Longbottom"}, {"source": "Quirinus_Quirrell", "target": "Harry_Potter"}, {"source": "Dobby", "target": "Draco_Malfoy"}, {"source": "Bellatrix_Lestrange", "target": "Fleur_Delacour"}, {"source": "Albus_Dumbledore", "target": "Charlie_Weasley"}, {"source": "George_Weasley", "target": "Harry_Potter"}, {"source": "Hermione_Granger", "target": "Quirinus_Quirrell"}, {"source": "Dolores_Janes_Umbridge", "target": "Minerva_McGonagall"}, {"source": "Lavender_Brown", "target": "Hermione_Granger"}, {"source": "Fleur_Delacour", "target": "Harry_Potter"}, {"source": "Arthur_Weasley", "target": "Albus_Dumbledore"}, {"source": "Bartemius_\"Barty\"_Crouch_Sr.", "target": "Percy_Weasley"}, {"source": "Vincent_Crabbe_Sr.", "target": "Vincent_Crabbe"}, {"source": "Petunia_Dursley", "target": "Petunia_Dursley"}, {"source": "Lord_Voldemort", "target": "Igor_Karkaroff"}, {"source": "Olympe_Maxime", "target": "Fleur_Delacour"}, {"source": "Vincent_Crabbe_Sr.", "target": "Bartemius_\"Barty\"_Crouch_Sr."}, {"source": "Harry_Potter", "target": "Hedwig"}, {"source": "Igor_Karkaroff", "target": "Olympe_Maxime"}, {"source": "Bartemius_\"Barty\"_Crouch_Sr.", "target": "Bartemius_\"Barty\"_Crouch_Jr."}, {"source": "Bartemius_\"Barty\"_Crouch_Sr.", "target": "Igor_Karkaroff"}, {"source": "Viktor_Krum", "target": "Igor_Karkaroff"}, {"source": "Luna_Lovegood", "target": "Xenophilius_Lovegood"}, {"source": "Nicolas_Flamel", "target": "Albus_Dumbledore"}, {"source": "Harry_Potter", "target": "Moaning_Myrtle"}, {"source": "Dudley_Dursley", "target": "Dudley_Dursley"}, {"source": "Tom_Riddle_Sr.", "target": "Tom_Riddle_Sr."}]}